name,price
"Urban Terrain UT5000S26 Steel MTB 26T Mountain Cycle - Disc Brake with Free Cycling Events and cultsport App Tracking (16.5 Inches Frame, Ideal for Unisex Adults)","6,299"
"UBOARD Pathfinder Electric Cycle with Front Suspension & Dual DISC Brake Max Speed Upto 25 KM/h,7Speed Shimano Gears","45,119"
"Wifi Hotspot 26 Inches Single Speed Bicycle for Men Woman and Adults, with Dual Disc Brakes, 17 Inch Steel Frame, Hi-Traction 2.40 Tyres (Red Black, Hotspot 26T FS DD)","5,999"
"Vaux Ibex MTB Cycle for Men with Double Disc Brakes & Front Suspension, 29T Single Speed Bicycle for Adults with Hi-Ten Steel Frame, Double Alloy Rims & Ralson Tyres, Age Group 15+ Years(Matte-Blue)","9,049"
"Hero Zoom 14T Single Speed Unisex Kids Cycles (Color: Blue), wheel size: 14 inch, frame size: 9 inch","4,299"
"Hero Cycles Tejas Ds 24 Inch Tire Single Speed Unisex Road Bike Cycle - 15"" Frame, Ideal For 7-15 Years (Black), Dual","7,299"
Hero Spinner 26T Single Speed Cycle | MTB | Grey | Front Suspension | Unisex | Single Speed,"5,999"
"CRADIAC - Gunner PRO | 700 * 35 C Alloy Hybrid Bike | Shimano Powered | Fully Fitted, TEAL BLUE","17,499"
CRADIAC - Xplorer | 29 INCH Unisex MTB | Single Speed | Dual DISC Brake | Double Wall Alloy Rims GREY,"8,499"
"Tiger Cycle X6 BMW 21 Gear Double Disc Brake 26 T Foldable Mountain Bike-Orange 26 T Folding Bikes/Folding Cycle (21 Gear, Orange) Unisex","14,999"
"EMotorad Nighthawk Mountain Electric Cycle (17.5Ah Li-Ion Removable Battery, Rockshox Dual Suspension, Kenda Juggernaut Fat Tyres) (Berry Blue)","5,00,000"
VESCO 24-T Drift Cycle for Big Kid's MTB Mountain Bike | Dual Disk Brake & Front Suspension Single Speed Bicycle for Boys and Girls | 16 inches Frame | Ideal for 9-14 Years (Black),"6,299"
Leader Ultima Mens 26T Multispeed (21 Speed) Mountain Bike with Front Suspension & Dual Disc Brake - Matt Black/Red. Ideal for 12 + Years (Frame: 18 Inches),"7,999"
"E MOTORAD - RIDE THE ELECTRIC REVOLUTION Youth X1 Mountain Electric Cycle (18"" Frame, 7.65Ah Li-Ion Removable Battery, Front Suspension, 250W Bldc Motor) (Bumblebee Yellow)","23,999"
"The Wheels Hero Bonfire IBC |Dual Suspension |Power Brakes |Wheel Size 26 T Mountain/Hardtail Cycle (Single Speed, Black)","7,500"
"Vaux Falcon 27.5T Cycle for Men with Double Disc Brakes & Front Suspension, Single Speed MTB Bicycle for Adults with Hi-Ten Steel Frame, Double Alloy Rims & 27.5x2.40 Nylon Tyres(Green)","8,099"
"Amazon Brand - Symactive Mini Wonder, 20T Single Speed Kids Cycle/Bicycle/Bike, V-Brakes, Frame Size: 11.5 inch, Age: 5-12 Yr, Steel Rim (Dark Blue, Unisex)","3,699"
Avon Buke Bicycles Thrust 26T MTB Cycle for Adults | Wheel Size:26 inches | High-Tensile Steel Frame:17.5 inches | Rigid Fork | Caliper Brake | Steel Rim | Mudguards & Bottle | Matt Gloss Finish(Blue),"4,599"
"Lifelong Bold MTB 26T Mountain Bikes, Disc Brake 21 Speed Gear Cycles, Frame Size: 18 inches| Free Installation Assistance, Ideal for Adults 14+ Years (LLBC2694, Black)","7,499"
"Tiger Cycle X6 BMW 21 Gear Double Disc Brake 26 T Foldable Mountain Bike-Black Red 26 T Folding Bikes/Folding Cycle (21 Gear, BlackRed) Unisex","14,999"
"Urban Terrain UT7000S27.5 Tokyo City Bike with Complete Accessories, Free Cycling Event & Ride Tracking App by Cultsport (18 Inches Frame, Ideal for Unisex, Black - Red)","4,799"
"Urban Terrain UT5000S26 Steel MTB 26T Mountain Cycle - Disc Brake with Free Cycling Events and cultsport App Tracking (16.5 Inches Frame, Ideal for Unisex Adults)","6,299"
"UBOARD Pathfinder Electric Cycle with Front Suspension & Dual DISC Brake Max Speed Upto 25 KM/h,7Speed Shimano Gears","45,119"
"Wifi Hotspot 26 Inches Single Speed Bicycle for Men Woman and Adults, with Dual Disc Brakes, 17 Inch Steel Frame, Hi-Traction 2.40 Tyres (Red Black, Hotspot 26T FS DD)","5,999"
"Vaux Ibex MTB Cycle for Men with Double Disc Brakes & Front Suspension, 29T Single Speed Bicycle for Adults with Hi-Ten Steel Frame, Double Alloy Rims & Ralson Tyres, Age Group 15+ Years(Matte-Blue)","9,049"
"Hero Zoom 14T Single Speed Unisex Kids Cycles (Color: Blue), wheel size: 14 inch, frame size: 9 inch","4,299"
"Hero Cycles Tejas Ds 24 Inch Tire Single Speed Unisex Road Bike Cycle - 15"" Frame, Ideal For 7-15 Years (Black), Dual","7,299"
Hero Spinner 26T Single Speed Cycle | MTB | Grey | Front Suspension | Unisex | Single Speed,"5,999"
"CRADIAC - Gunner PRO | 700 * 35 C Alloy Hybrid Bike | Shimano Powered | Fully Fitted, TEAL BLUE","17,499"
CRADIAC - Xplorer | 29 INCH Unisex MTB | Single Speed | Dual DISC Brake | Double Wall Alloy Rims GREY,"8,499"
"Tiger Cycle X6 BMW 21 Gear Double Disc Brake 26 T Foldable Mountain Bike-Orange 26 T Folding Bikes/Folding Cycle (21 Gear, Orange) Unisex","14,999"
"EMotorad Nighthawk Mountain Electric Cycle (17.5Ah Li-Ion Removable Battery, Rockshox Dual Suspension, Kenda Juggernaut Fat Tyres) (Berry Blue)","5,00,000"
VESCO 24-T Drift Cycle for Big Kid's MTB Mountain Bike | Dual Disk Brake & Front Suspension Single Speed Bicycle for Boys and Girls | 16 inches Frame | Ideal for 9-14 Years (Black),"6,299"
Leader Ultima Mens 26T Multispeed (21 Speed) Mountain Bike with Front Suspension & Dual Disc Brake - Matt Black/Red. Ideal for 12 + Years (Frame: 18 Inches),"7,999"
"E MOTORAD - RIDE THE ELECTRIC REVOLUTION Youth X1 Mountain Electric Cycle (18"" Frame, 7.65Ah Li-Ion Removable Battery, Front Suspension, 250W Bldc Motor) (Bumblebee Yellow)","23,999"
"The Wheels Hero Bonfire IBC |Dual Suspension |Power Brakes |Wheel Size 26 T Mountain/Hardtail Cycle (Single Speed, Black)","7,500"
"Vaux Falcon 27.5T Cycle for Men with Double Disc Brakes & Front Suspension, Single Speed MTB Bicycle for Adults with Hi-Ten Steel Frame, Double Alloy Rims & 27.5x2.40 Nylon Tyres(Green)","8,099"
"Amazon Brand - Symactive Mini Wonder, 20T Single Speed Kids Cycle/Bicycle/Bike, V-Brakes, Frame Size: 11.5 inch, Age: 5-12 Yr, Steel Rim (Dark Blue, Unisex)","3,699"
Avon Buke Bicycles Thrust 26T MTB Cycle for Adults | Wheel Size:26 inches | High-Tensile Steel Frame:17.5 inches | Rigid Fork | Caliper Brake | Steel Rim | Mudguards & Bottle | Matt Gloss Finish(Blue),"4,599"
"Lifelong Bold MTB 26T Mountain Bikes, Disc Brake 21 Speed Gear Cycles, Frame Size: 18 inches| Free Installation Assistance, Ideal for Adults 14+ Years (LLBC2694, Black)","7,499"
"Tiger Cycle X6 BMW 21 Gear Double Disc Brake 26 T Foldable Mountain Bike-Black Red 26 T Folding Bikes/Folding Cycle (21 Gear, BlackRed) Unisex","14,999"
"Urban Terrain UT7000S27.5 Tokyo City Bike with Complete Accessories, Free Cycling Event & Ride Tracking App by Cultsport (18 Inches Frame, Ideal for Unisex, Black - Red)","4,799"
"Urban Terrain UT5000S26 Steel MTB 26T Mountain Cycle - Disc Brake with Free Cycling Events and cultsport App Tracking (16.5 Inches Frame, Ideal for Unisex Adults)","6,299"
"UBOARD Pathfinder Electric Cycle with Front Suspension & Dual DISC Brake Max Speed Upto 25 KM/h,7Speed Shimano Gears","45,119"
"Wifi Hotspot 26 Inches Single Speed Bicycle for Men Woman and Adults, with Dual Disc Brakes, 17 Inch Steel Frame, Hi-Traction 2.40 Tyres (Red Black, Hotspot 26T FS DD)","5,999"
"Vaux Ibex MTB Cycle for Men with Double Disc Brakes & Front Suspension, 29T Single Speed Bicycle for Adults with Hi-Ten Steel Frame, Double Alloy Rims & Ralson Tyres, Age Group 15+ Years(Matte-Blue)","9,049"
"Hero Zoom 14T Single Speed Unisex Kids Cycles (Color: Blue), wheel size: 14 inch, frame size: 9 inch","4,299"
"Hero Cycles Tejas Ds 24 Inch Tire Single Speed Unisex Road Bike Cycle - 15"" Frame, Ideal For 7-15 Years (Black), Dual","7,299"
Hero Spinner 26T Single Speed Cycle | MTB | Grey | Front Suspension | Unisex | Single Speed,"5,999"
"CRADIAC - Gunner PRO | 700 * 35 C Alloy Hybrid Bike | Shimano Powered | Fully Fitted, TEAL BLUE","17,499"
CRADIAC - Xplorer | 29 INCH Unisex MTB | Single Speed | Dual DISC Brake | Double Wall Alloy Rims GREY,"8,499"
"EMotorad Nighthawk Mountain Electric Cycle (17.5Ah Li-Ion Removable Battery, Rockshox Dual Suspension, Kenda Juggernaut Fat Tyres) (Berry Blue)","5,00,000"
Avon Buke Bicycles Thrust 26T MTB Cycle for Adults | Wheel Size:26 inches | High-Tensile Steel Frame:17.5 inches | Rigid Fork | Caliper Brake | Steel Rim | Mudguards & Bottle | Matt Gloss Finish(Blue),"4,599"
VESCO 24-T Drift Cycle for Big Kid's MTB Mountain Bike | Dual Disk Brake & Front Suspension Single Speed Bicycle for Boys and Girls | 16 inches Frame | Ideal for 9-14 Years (Black),"6,299"
Leader Ultima Mens 26T Multispeed (21 Speed) Mountain Bike with Front Suspension & Dual Disc Brake - Matt Black/Red. Ideal for 12 + Years (Frame: 18 Inches),"7,999"
"E MOTORAD - RIDE THE ELECTRIC REVOLUTION Youth X1 Mountain Electric Cycle (18"" Frame, 7.65Ah Li-Ion Removable Battery, Front Suspension, 250W Bldc Motor) (Bumblebee Yellow)","23,999"
"The Wheels Hero Bonfire IBC |Dual Suspension |Power Brakes |Wheel Size 26 T Mountain/Hardtail Cycle (Single Speed, Black)","7,500"
"Vaux Falcon 27.5T Cycle for Men with Double Disc Brakes & Front Suspension, Single Speed MTB Bicycle for Adults with Hi-Ten Steel Frame, Double Alloy Rims & 27.5x2.40 Nylon Tyres(Green)","8,099"
"Amazon Brand - Symactive Mini Wonder, 20T Single Speed Kids Cycle/Bicycle/Bike, V-Brakes, Frame Size: 11.5 inch, Age: 5-12 Yr, Steel Rim (Dark Blue, Unisex)","3,699"
Avon Buke Bicycles Thrust 26T MTB Cycle for Adults | Wheel Size:26 inches | High-Tensile Steel Frame:17.5 inches | Rigid Fork | Caliper Brake | Steel Rim | Mudguards & Bottle | Matt Gloss Finish(Blue),"4,599"
"Lifelong Bold MTB 26T Mountain Bikes, Disc Brake 21 Speed Gear Cycles, Frame Size: 18 inches| Free Installation Assistance, Ideal for Adults 14+ Years (LLBC2694, Black)","7,499"
"Urban Terrain UT7000S27.5 Tokyo City Bike with Complete Accessories, Free Cycling Event & Ride Tracking App by Cultsport (18 Inches Frame, Ideal for Unisex, Black - Red)","4,799"
"Cockatoo Travis Series 26T Mtb Road Bicycle Without Gear Single Speed With Power Brake,Frame 18 Inches|| 10+ Years|| (Diy Installation, 1 Year Warranty) (T3-Green), Unisex","3,999"
