Name,Rate,Rating
"OnePlus 11 5G (Eternal Green, 16GB RAM, 256GB Storage)","61,999",4.3 out of 5 stars
"Samsung Galaxy M04 Light Green, 4GB RAM, 128GB Storage | Upto 8GB RAM with RAM Plus | MediaTek Helio P35 Octa-core Processor | 5000 mAh Battery | 13MP Dual Camera","7,499",3.9 out of 5 stars
"realme narzo N53 (Feather Black, 4GB+64GB) 33W Segment Fastest Charging | Slimmest Phone in Segment | 90 Hz Smooth Display","7,999",3.9 out of 5 stars
"realme narzo N53 (Feather Black, 6GB+128GB) 33W Segment Fastest Charging | Slimmest Phone in Segment | 90 Hz Smooth Display","9,499",3.9 out of 5 stars
TECHONTO 360° Degree Cell Phone Holder with Adjustable Clamp Phone Tripod Mount Adapter Compatible with Smartphones & All Types of Tripods - Black,185,4.3 out of 5 stars
"Nokia 2660 Flip 4G Volte keypad Phone with Dual SIM, Dual Screen, inbuilt MP3 Player & Wireless FM Radio | Black","4,449",3.8 out of 5 stars
"realme narzo N53 (Feather Gold, 6GB+128GB) 33W Segment Fastest Charging | Slimmest Phone in Segment | 90 Hz Smooth Display","9,499",3.9 out of 5 stars
"Xiaomi Redmi 10 Power (Power Black, 8GB RAM, 128GB Storage)","9,999",4.1 out of 5 stars
"Oppo F23 5G (Cool Black, 8GB RAM, 256GB Storage) | 5000 mAh Battery with 67W SUPERVOOC Charger | 64MP Rear Triple AI Camera with Microlens | 6.72"" FHD+ 120Hz Display | with Offer","22,999",3.9 out of 5 stars
"Samsung Galaxy M04 Dark Blue, 4GB RAM, 64GB Storage | Upto 8GB RAM with RAM Plus | MediaTek Helio P35 Octa-core Processor | 5000 mAh Battery | 13MP Dual Camera","6,499",3.9 out of 5 stars
"IKALL S2 Smartphone with 21MP Camera (6.8"" HD Display, 6GB, 128GB Storage) (Purple)","9,489",2.5 out of 5 stars
"Samsung Galaxy M04 Dark Blue, 4GB RAM, 128GB Storage | Upto 8GB RAM with RAM Plus | MediaTek Helio P35 Octa-core Processor | 5000 mAh Battery | 13MP Dual Camera","7,499",3.9 out of 5 stars
"Samsung Galaxy M13 (Aqua Green, 4GB, 64GB Storage) | 6000mAh Battery | Upto 8GB RAM with RAM Plus","9,199",4.1 out of 5 stars
"Redmi Note 11T 5G (Matte Black, 6GB RAM, 128GB ROM)| Dimensity 810 5G | 33W Pro Fast Charging | Charger Included | Additional Exchange Offers","13,999",4.1 out of 5 stars
"Redmi A2 (Sea Green, 2GB RAM, 64GB Storage)","5,299",3.8 out of 5 stars
"Redmi A2 (Classic Black, 2GB RAM, 64GB Storage)","5,299",3.8 out of 5 stars
"Nokia C32 with 50MP Dual Rear AI Camera | Toughened Glass Back | 4GB RAM, 128GB Storage | Upto 7GB RAM with RAM Extension | 5000 mAh Battery | 1 Year Replacement Warranty | Android 13 | Pink","8,999",3.6 out of 5 stars
"Redmi A2 (Aqua Blue, 2GB RAM, 64GB Storage)","5,299",3.8 out of 5 stars
"vivo Y27 (Burgundy Black, 6GB RAM, 128GB Storage) with No Cost EMI/Additional Exchange Offers","13,999",4.2 out of 5 stars
"OnePlus Nord 3 5G (Misty Green, 8GB RAM, 128GB Storage)","33,999",4.0 out of 5 stars
"IKALL Z18 Smartphone (6.5 HD Display, 6GB Ram, 128GB Storage) (Champagne)","8,799",3.6 out of 5 stars
TECHONTO 360° Degree Cell Phone Holder with Adjustable Clamp Phone Tripod Mount Adapter Compatible with Smartphones & All Types of Tripods - Black,185,4.3 out of 5 stars
"OnePlus 11 5G (Titan Black, 8GB RAM, 128GB Storage)","56,999",4.3 out of 5 stars
"Oppo F23 5G (Cool Black, 8GB RAM, 256GB Storage) | 5000 mAh Battery with 67W SUPERVOOC Charger | 64MP Rear Triple AI Camera with Microlens | 6.72"" FHD+ 120Hz Display | with Offer","22,999",3.9 out of 5 stars
"vivo Y16 (Stellar Black, 4GB RAM, 64GB Storage) with No Cost EMI/Additional Exchange Offers","10,499",4.0 out of 5 stars
"realme narzo N53 (Feather Gold, 4GB+64GB) 33W Segment Fastest Charging | Slimmest Phone in Segment | 90 Hz Smooth Display","7,999",3.9 out of 5 stars
"iQOO Z7s 5G by vivo (Pacific Night, 8GB RAM, 128GB Storage) | Ultra Bright AMOLED Display | Snapdragon 695 5G 6nm Processor | 64 MP OIS Ultra Stable Camera | 44WFlashCharge","16,999",4.1 out of 5 stars
"Vivo Y56 5G (Black Engine, 8GB RAM, 128GB Storage) with No Cost EMI/Additional Exchange Offers","18,999",4.0 out of 5 stars
"Redmi Note 10S (Frost White, 8GB RAM,128 GB Storage) - Super Amoled Display | 64 MP Quad Camera | Alexa Built in | 33W Charger Included","13,999",4.2 out of 5 stars
"vivo Y100A 5G (Twilight Gold, 8GB RAM, 128GB Storage) with No Cost EMI/Additional Exchange Offers","21,999",4.3 out of 5 stars
"IKALL S2 Smartphone with 21MP Camera (6.8"" HD Display, 6GB, 128GB Storage) (Purple)","9,489",2.5 out of 5 stars
"OnePlus Nord 3 5G (Misty Green, 8GB RAM, 128GB Storage)","33,999",4.0 out of 5 stars
"vivo Y36 (Vibrant Gold, 8GB RAM, 128GB Storage) with No Cost EMI/Additional Exchange Offers","14,999",3.6 out of 5 stars
"OPPO A58 (Glowing Black, 6GB RAM, 128GB Storage) | 5000 mAh Battery and 33W SUPERVOOC | 6.72"" FHD+ Punch Hole Display | Dual Stereo Speakers with No Cost EMI/Additional Exchange Offers","13,999",3.5 out of 5 stars
"OnePlus Nord N20 SE (Oasis Blue, 4GB RAM, 64GB Storage)","14,999",5.0 out of 5 stars
"Nokia C12 Android 12 (Go Edition) Smartphone, All-Day Battery, 4GB RAM (2GB RAM + 2GB Virtual RAM) + 64GB Capacity | Charcoal","5,899",3.1 out of 5 stars
"Samsung Galaxy M04 Light Green, 4GB RAM, 64GB Storage | Upto 8GB RAM with RAM Plus | MediaTek Helio P35 Octa-core Processor | 5000 mAh Battery | 13MP Dual Camera","6,499",3.9 out of 5 stars
"Samsung Galaxy A34 5G (Awesome Lime, 8GB, 256GB Storage) | 48 MP No Shake Cam (OIS) | IP67 | Gorilla Glass 5 | Voice Focus | Without Charger","29,999",4.0 out of 5 stars
"Itel A60s (4GB RAM + 64GB ROM, Up to 8GB RAM with Memory Fusion | 8MP AI Rear Camera | 5000mAh Battery with 10W Charging | Faceunlock & Fingerprint -Shadow Black","5,999",3.7 out of 5 stars
"IKALL S2 Smartphone (6GB, 128GB Storage) (21MP Rear Camera, 4G Dual Sim) (Gold)","9,489",2.5 out of 5 stars
"IKALL Z18 Smartphone (6.5 HD Display, 6GB Ram, 128GB Storage) (Champagne)","8,799",3.6 out of 5 stars
"Noise Pulse 2 Max 1.85"" Display, Bluetooth Calling Smart Watch, 10 Days Battery, 550 NITS Brightness, Smart DND, 100 Sports Modes, Smartwatch for Men and Women (Jet Black)","1,199",4.0 out of 5 stars
"OnePlus 11 5G (Titan Black, 8GB RAM, 128GB Storage)","56,999",4.3 out of 5 stars
"Vivo Y56 5G (Orange Shimmer, 8GB RAM, 128GB Storage) with No Cost EMI/Additional Exchange Offers","18,999",4.0 out of 5 stars
"Samsung Galaxy Z Flip5 5G (Cream, 8GB RAM, 512GB Storage)","1,09,999",4.0 out of 5 stars
"Vivo Y56 5G (Black Engine, 4GB RAM, 128GB Storage) with No Cost EMI/Additional Exchange Offers","16,999",4.0 out of 5 stars
Nokia G42 5G | Snapdragon® 480+ 5G | 50MP Triple AI Camera | 11GB RAM (6GB RAM + 5GB Virtual RAM) | 128GB Storage | 5000mAh Battery | 2 Years Android Upgrades | 20W Fast Charger Included | So Pink,"11,999",3.7 out of 5 stars
"Samsung Galaxy M33 5G (Mystique Green, 8GB, 128GB Storage) | 6000mAh Battery | Upto 16GB RAM with RAM Plus | Without Charger","16,999",4.1 out of 5 stars
"Motorola razr 40 (Sage Green, 8GB RAM, 256GB Storage) | External AMOLED Display | 6.9"" AMOLED 144Hz Display | 64MP Main Camera | Android 13","49,999",3.4 out of 5 stars
"TECNO Spark 9 (Infinity Black, 4GB RAM,64GB Storage) | 7GB Expandable RAM | Helio G37 Gaming Processor","6,999",3.9 out of 5 stars
"realme narzo N53 (Feather Gold, 4GB+64GB) 33W Segment Fastest Charging | Slimmest Phone in Segment | 90 Hz Smooth Display","7,999",3.9 out of 5 stars
"OnePlus Nord 3 5G (Misty Green, 8GB RAM, 128GB Storage)","33,999",4.0 out of 5 stars
"Samsung Galaxy M34 5G (Waterfall Blue,8GB,256GB)|120Hz sAMOLED Display|50MP Triple No Shake Cam|6000 mAh Battery|4 Gen OS Upgrade & 5 Year Security Update|16GB RAM with RAM+|Android 13|Without Charger","20,999",3.9 out of 5 stars
"Nothing Phone (2) 5G (Dark Grey, 12GB RAM, 256GB Storage)","44,949",3.6 out of 5 stars
"HONOR 90 (Diamond Silver, 8GB + 256GB) | India's First Eye Risk-Free Display | 200MP Main & 50MP Selfie Camera | Segment First Quad-Curved AMOLED Screen | Without Charger","31,999",3.8 out of 5 stars
"Samsung Galaxy S20 FE 5G (Cloud Navy, 8GB RAM, 128GB Storage) with No Cost EMI & Additional Exchange Offers","29,999",4.2 out of 5 stars
"Samsung Galaxy A54 5G (Awesome Violet, 8GB, 256GB Storage) | 50 MP No Shake Cam (OIS) | IP67 | Gorilla Glass 5 | Voice Focus | Without Charger","37,499",4.0 out of 5 stars
"TECNO Phantom V Fold 5G Black (12GB RAM,256GB Storage) | The First Full Size Fold | LTPO AMOLED Display | 4nm D9000+ Fast Processor","78,499",4.1 out of 5 stars
"Samsung Galaxy A23 5G, Light Blue (8GB, 128GB Storage) with Offer","22,999",3.8 out of 5 stars
"Motorola razr 40 (Vanilla Cream, 8GB RAM, 256GB Storage) | External AMOLED Display | 6.9"" AMOLED 144Hz Display | 64MP Main Camera | Android 13","49,999",3.4 out of 5 stars
TECHONTO 360° Degree Cell Phone Holder with Adjustable Clamp Phone Tripod Mount Adapter Compatible with Smartphones & All Types of Tripods - Black,185,4.3 out of 5 stars
"OnePlus 11 5G (Titan Black, 8GB RAM, 128GB Storage)","56,999",4.3 out of 5 stars
"Samsung Galaxy A34 5G (Awesome Lime, 8GB, 256GB Storage) | 48 MP No Shake Cam (OIS) | IP67 | Gorilla Glass 5 | Voice Focus | Without Charger","29,999",4.0 out of 5 stars
"Redmi A2 (Sea Green, 4GB RAM, 64GB Storage) | Powerful Octa Core G36 Processor | Upto 7GB RAM | Large 16.5 cm HD+ Display with Massive 5000mAh Battery | 2 Years Warranty [Limited time Offer]","6,799",3.8 out of 5 stars
"Samsung Galaxy A54 5G (Awesome Violet, 8GB, 256GB Storage) | 50 MP No Shake Cam (OIS) | IP67 | Gorilla Glass 5 | Voice Focus | Without Charger","37,499",4.0 out of 5 stars
"Motorola razr 40 (Vanilla Cream, 8GB RAM, 256GB Storage) | External AMOLED Display | 6.9"" AMOLED 144Hz Display | 64MP Main Camera | Android 13","49,999",3.4 out of 5 stars
"vivo Y100A 5G (Twilight Gold, 8GB RAM, 128GB Storage) with No Cost EMI/Additional Exchange Offers","21,999",4.3 out of 5 stars
"Itel A60s (4GB RAM + 64GB ROM, Up to 8GB RAM with Memory Fusion | 8MP AI Rear Camera | 5000mAh Battery with 10W Charging | Faceunlock & Fingerprint -Shadow Black","5,999",3.7 out of 5 stars
"Lava Blaze 5G (Glass Blue, 4GB RAM, UFS 2.2 128GB Storage) | 5G Ready | 50MP AI Triple Camera | Upto 7GB Expandable RAM | Charger Included | Clean Android (No Bloatware)","9,999",4.0 out of 5 stars
"OPPO A58 (Dazzling Green, 6GB RAM, 128GB Storage) | 5000 mAh Battery and 33W SUPERVOOC | 6.72"" FHD+ Punch Hole Display | Dual Stereo Speakers with No Cost EMI/Additional Exchange Offers","13,999",3.4 out of 5 stars
"IKALL S2 Smartphone with 21MP Camera (6.8"" HD Display, 6GB, 128GB Storage) (Purple)","9,489",2.5 out of 5 stars
"OnePlus Nord 3 5G (Misty Green, 8GB RAM, 128GB Storage)","33,999",4.0 out of 5 stars
"Lava Blaze 5G (Glass Green, 4GB RAM, UFS 2.2 128GB Storage) | 5G Ready | 50MP AI Triple Camera | Upto 7GB Expandable RAM | Charger Included | Clean Android (No Bloatware)","9,999",4.0 out of 5 stars
"Redmi Note 12 (Lunar Black, 6GB RAM, 64GB Storage)","11,999",3.8 out of 5 stars
"Redmi 12C (Royal Blue, 4GB RAM, 128GB Storage)","8,499",3.9 out of 5 stars
"HONOR 90 (Midnight Black, 12GB + 512GB) | India's First Eye Risk-Free Display | 200MP Main & 50MP Selfie Camera | Segment First Quad-Curved AMOLED Screen | Without Charger","33,999",3.8 out of 5 stars
"vivo Y27 (Garden Green, 6GB RAM, 128GB Storage) with No Cost EMI/Additional Exchange Offers","13,999",4.2 out of 5 stars
"Nokia G21 Android Smartphone, Dual SIM, 3-Day Battery Life, 6GB RAM + 128GB Storage, 50MP Triple AI Camera | Nordic Blue","12,499",3.9 out of 5 stars
"Motorola razr 40 (Sage Green, 8GB RAM, 256GB Storage) | External AMOLED Display | 6.9"" AMOLED 144Hz Display | 64MP Main Camera | Android 13","49,999",3.4 out of 5 stars
"Vivo Y02t (Cosmic Grey, 4GB RAM, 64GB Storage) with No Cost EMI/Additional Exchange Offers","8,999",4.0 out of 5 stars
"IKALL S2 Smartphone (6GB, 128GB Storage) (21MP Rear Camera, 4G Dual Sim) (Gold)","9,489",2.5 out of 5 stars
"IKALL Z18 Smartphone (6.5 HD Display, 6GB Ram, 128GB Storage) (Champagne)","8,799",3.6 out of 5 stars
TECHONTO 360° Degree Cell Phone Holder with Adjustable Clamp Phone Tripod Mount Adapter Compatible with Smartphones & All Types of Tripods - Black,185,4.3 out of 5 stars
